university,college_code,college_name,choice_code,course,intake,cap_seats,si_seats,ms_seats,all_india_seats,minority_seats,institute_seats,hu_open,hu_sc,hu_st,hu_vjdt,hu_ntb,hu_ntc,hu_ntd,hu_obc,hu_sebc,ohu_open,ohu_sc,ohu_st,ohu_vjdt,ohu_ntb,ohu_ntc,ohu_ntd,ohu_obc,ohu_sebc,pwd_total,ews_seats,tfws_choice_code,tfws_seats
Sant Gadge Baba Amravati University,01005,"Sant Gadge Baba Amravati University,Amravati",0100591510,Seat Reserved Chemical Engineering 0100550710 2 1 1 0 1 0 0 1 1 1 0 0 0 0 0 0 0 0 0 0 0 0 0100550710S 2 0 0 10 Computer Science and Information Technology Artificial Intelligence and Data Science 0100594310 5 2 1 0 0 1 0 3 1 1 0 0 0 0 0 0 0 0 0 0 0 0 0100594310S 4 0 0 18 Sant Gadge Baba Amravati University,3,0,1,1,1,0,0,0,0,0,0,0,0,0,0,0,0,0,0,0,0,0,0,0,0,0,0,,0
Sant Gadge Baba Amravati University,01114,"Sipna Shikshan Prasarak Mandal College of Engineering & Technology, Amravati",0111447410,Seat Reserved Civil - Structural Engineering 0111421110 1 2 0 0 0 1 1 2 1 1 0 0 0 0 0 0 0 0 0 0 0 0 0111421110S 4 0 0 13 Computer Science and Engineering 0111424210 4 2 1 1 1 1 0 3 2 1 0 0 0 0 0 0 0 0 0 0 0 0 0111424210S 4 0 0 20 Information Technology 0111424610 3 2 1 0 1 0 0 3 1 1 0 0 0 0 0 0 0 0 0 0 0 0 0111424610S 4 0 0 16 Electronics and Telecommunication Engg 0111437210 3 2 1 0 0 1 0 3 1 1 0 0 0 0 0 0 0 0 0 0 0 0 0111437210S 4 0 0 16 Mechanical (Computer Integrated Manufacturing) Sant Gadge Baba Amravati University,5,0,2,1,1,0,0,0,0,0,0,0,0,0,0,0,0,0,0,0,0,0,0,0,0,0,0,,0
Sant Gadge Baba Amravati University,01180,"Sanmati Engineering College, Sawargaon Barde, Washim",0118091510,Seat Reserved Structural Engineering 0118021210 1 1 1 0 0 1 0 1 1 1 0 0 0 0 0 0 0 0 0 0 1 0 0118021210S 2 1 0 9 Computer Science and Information Technology Sant Gadge Baba Amravati University,0,0,1,1,0,0,0,0,0,0,0,0,0,0,0,0,0,0,0,0,0,0,0,0,0,0,0,,0
Dr. Babasaheb Aambedkar Marathwada University,02113,"G. S. Mandal's Maharashtra Institute of Technology, Aurangabad",0211397010,"Seat Reserved Artificial Intelligence and Machine Learning 0211394910 3 1 1 0 0 0 0 2 1 1 0 0 0 0 0 0 0 0 0 0 0 0 0211394910S 3 0 0 12 Computer Science and Engineering (Data Science and Analytics) Structural Engineering 0211321210 4 2 1 0 0 0 0 2 2 1 0 0 0 0 0 0 0 0 0 0 0 0 0211321210S 3 0 0 15 Computer Science and Technology 0211325410 0 0 0 1 1 0 0 1 1 0 0 0 0 0 0 0 0 0 0 0 0 0 0211325410S 3 0 0 7 Electrical Drives and Control 0211338010 1 1 0 1 0 1 0 2 1 1 0 0 0 0 0 0 0 0 0 0 0 0 0211338010S 3 0 0 11 Electronics and Telecommunication 0211338110 3 1 1 0 0 0 0 2 1 1 0 0 0 0 0 0 0 0 0 0 0 0 0211338110S 3 0 0 12 Food Processing Technology 0211350410 6 2 1 1 0 1 1 3 2 1 0 0 0 0 0 0 0 0 0 0 0 0 0211350410S 6 0 0 24 Mechanical Engineering 0211361210 3 1 1 0 0 0 0 2 1 1 0 0 0 0 0 0 0 0 0 0 0 0 0211361210S 3 0 0 12 Polymer Science and Technology 0211347510 0 1 1 0 0 0 0 2 1 1 0 0 0 0 0 0 0 0 0 0 0 0 0211347510S 3 0 0 9 IL - Institute Level Seats, MI - Minority Seats 12 of 84 Note :- Vacancy position may vary. Candidates are advised to fill all eligible Choice Code of their choice irrespective of vacancy position.",0,0,1,1,0,0,0,0,0,0,0,0,0,0,0,0,0,0,0,0,0,0,0,0,0,0,0,,0
"Dr. Babasaheb Ambedkar Technological University,Lonere",02114,"Deogiri Institute of Engineering and Management Studies, Aurangabad",0211495110,"Seat Reserved Structural Engineering 0211421210 0 1 0 0 0 0 0 0 0 0 0 0 0 0 0 0 0 0 0 0 0 0 0211421210S 3 0 0 4 Computer Science and Engineering 0211424210 3 2 1 0 0 1 0 3 2 0 0 0 0 0 0 0 0 0 0 0 0 0 0211424210S 1 0 0 13 Electronics and Telecommunication Engg 0211437210 1 1 1 1 0 0 1 2 1 1 0 0 0 0 0 0 0 0 0 0 0 0 0211437210S 4 0 0 13 Mechanical Engineering 0211461210 1 0 1 0 1 1 0 4 2 1 0 0 0 0 0 0 0 0 0 0 0 0 0211461210S 3 0 0 14 Automotive Technology 0211463010 2 2 1 1 1 1 0 3 2 1 0 0 0 0 0 0 0 0 0 0 0 0 0211463010S 4 0 0 18 Civil Engineering (Computer Aided Structural Engineering) Dr. Babasaheb Ambedkar Technological University,Lonere",0,0,0,0,0,0,0,0,0,0,0,0,0,0,0,0,0,0,0,0,0,0,0,0,0,0,0,,0
"Dr. Babasaheb Ambedkar Technological University,Lonere",02133,"Mahatma Basaweshwar Education Society's College of Engineering, Ambejogai",0213391510,Seat Reserved Control System Engineering 0213329410 0 0 0 0 0 0 1 3 1 0 0 0 0 0 0 0 0 0 0 0 3 0 0213329410S 0 1 0 5 Digital Communications 0213339310 4 2 1 1 0 1 0 2 1 1 0 0 0 0 0 0 0 0 0 0 0 0 0213339310S 2 0 0 15 Manufacturing Processing Engineering 0213361610 4 2 1 1 0 1 0 3 1 1 0 0 0 0 0 0 0 0 0 0 0 0 0213361610S 3 0 0 17 Computer Science and Information Technology Civil Engineering (Computer Aided Structural,0,0,0,1,0,1,0,0,0,0,0,0,0,0,0,0,0,0,0,0,0,0,0,0,0,0,0,,0
"Dr. Babasaheb Ambedkar Technological University,Lonere",02133,"Mahatma Basaweshwar Education Society's College of Engineering, Ambejogai",0213395110,"Engineering) Dr. Babasaheb Ambedkar Technological University,Lonere",0,0,0,0,0,0,0,0,0,0,0,0,0,0,0,0,0,0,0,0,0,0,0,0,0,0,0,,0
"Dr. Babasaheb Ambedkar Technological University,Lonere",02134,"Peoples Education Society's College of Engineering, Aurangabad",0213495410,Seat Reserved Structural Engineering 0213421210 0 0 1 1 0 0 0 1 1 1 0 0 0 0 0 0 0 0 0 0 0 0 0213421210S 4 0 0 9 Electrical Power System 0213429210 0 1 1 0 0 0 0 3 2 0 0 0 0 0 0 0 0 0 0 0 0 0 0213429210S 4 0 0 11 Advanced Mfg & Mechanical System design 0213490710 5 2 1 0 1 0 0 2 2 1 0 0 0 0 0 0 0 0 0 0 0 0 0213490710S 3 0 0 17 Computer Science and Engineering (Cyber Security) Electronics and Communication (VLSI,1,0,1,1,0,0,1,0,0,0,0,0,0,0,0,0,0,0,0,0,0,0,0,0,0,0,0,,0
"Dr. Babasaheb Ambedkar Technological University,Lonere",02134,"Peoples Education Society's College of Engineering, Aurangabad",0213496810,"Design) IL - Institute Level Seats, MI - Minority Seats 15 of 84 Note :- Vacancy position may vary. Candidates are advised to fill all eligible Choice Code of their choice irrespective of vacancy position.",4,0,2,1,1,0,1,0,0,0,0,0,0,0,0,0,0,0,0,0,0,0,0,0,0,0,0,,0
Dr. Babasaheb Aambedkar Marathwada University,02533,"CSMSS Chh. Shahu College of Engineering, Aurangabad",0253396810,Seat Reserved Electronics and Communication (VLSI Design) Electronics and Communication (Advanced,0,0,1,1,0,0,0,0,0,0,0,0,0,0,0,0,0,0,0,0,0,0,0,0,0,0,0,,0
Dr. Babasaheb Aambedkar Marathwada University,02533,"CSMSS Chh. Shahu College of Engineering, Aurangabad",0253396910,Communication Technology) Civil Engineering (Computer Aided Structural,3,0,1,1,0,0,0,0,0,0,0,0,0,0,0,0,0,0,0,0,0,0,0,0,0,0,0,,0
Dr. Babasaheb Aambedkar Marathwada University,02533,"CSMSS Chh. Shahu College of Engineering, Aurangabad",0253395110,"Engineering) Automation and Robotics 0253395610 0 0 1 0 0 0 0 1 1 0 0 0 0 0 0 0 0 0 0 0 0 0 0253395610S 0 0 0 3 Electrical Engineering 0253329310 1 1 1 0 1 1 0 1 1 1 0 0 0 0 0 0 0 0 0 0 0 0 0253329310S 1 0 0 9 Artificial Intelligence and Data Science 0253394310 0 0 0 1 0 0 0 2 1 0 0 0 0 0 0 0 0 0 0 0 0 0 0253394310S 0 0 0 4 Computer Science and Engineering 0253324210 0 0 0 1 1 1 1 1 0 1 0 0 0 0 0 0 0 0 0 0 0 0 0253324210S 0 0 0 6 IL - Institute Level Seats, MI - Minority Seats 17 of 84 Note :- Vacancy position may vary. Candidates are advised to fill all eligible Choice Code of their choice irrespective of vacancy position.",0,0,0,1,0,0,0,0,0,0,0,0,0,0,0,0,0,0,0,0,0,0,0,0,0,0,0,,0
"Mumbai University (VJTI, Mumbai)",03012,"Veermata Jijabai Technological Institute(VJTI), Matunga, Mumbai",0301263510,"Seat Reserved Integrated Power Systems 0301229610 2 1 0 0 0 0 0 3 0 0 0 0 0 0 0 0 0 0 0 0 0 0 0301229610S 4 0 0 10 Embedded Control Systems 0301229910 1 2 1 0 0 1 0 3 1 0 0 0 0 0 0 0 0 0 0 0 0 0 0301229910S 6 0 0 15 Thermal Sciences & Energy Systems 0301247610 3 1 1 0 0 1 1 3 2 1 0 0 0 0 0 0 0 0 0 0 0 0 0301247610S 4 0 0 17 CAD/CAM- ROBOTICS 0301263410 1 1 0 0 0 0 0 1 1 1 0 0 0 0 0 0 0 0 0 0 0 0 0301263410S 4 0 0 9 Technical Textile 0301262510 0 0 1 0 0 0 0 1 1 0 0 0 0 0 0 0 0 0 0 0 0 0 0301262510S 2 0 0 5 Artificial Intelligence and Data Science 0301294310 0 0 0 1 0 0 0 0 0 0 0 0 0 0 0 0 0 0 0 0 0 0 0301294310S 1 0 0 2 Environmental Engineering 0301220110 2 0 0 0 1 0 0 0 0 0 0 0 0 0 0 0 0 0 0 0 0 0 0301220110S 3 0 0 6 Construction Management 0301221010 0 0 0 0 0 0 0 0 0 0 0 0 0 0 0 0 0 0 0 0 0 0 0301221010S 0 0 0 0 Structural Engineering 0301221210 0 0 0 0 0 0 0 0 0 0 0 0 0 0 0 0 0 0 0 0 0 0 0301221210S 0 0 0 0 Computer Engineering 0301224510 0 0 0 1 0 0 0 0 0 0 0 0 0 0 0 0 0 0 0 0 0 0 0301224510S 1 0 0 2 Software Engineering 0301226010 0 0 0 1 0 0 0 0 0 0 0 0 0 0 0 0 0 0 0 0 0 0 0301226010S 2 0 0 3 Project Mangement 0301226610 0 0 0 0 0 0 0 0 0 0 0 0 0 0 0 0 0 0 0 0 0 0 0301226610S 1 0 0 1 Defence Technology 0301234910 4 0 1 0 0 1 0 3 1 0 0 0 0 0 0 0 0 0 1 0 0 0 0301234910S 7 0 0 17 Internet of Things 0301295910 1 0 0 1 0 0 0 0 0 0 0 0 0 0 0 0 0 0 0 0 0 0 0301295910S 0 0 0 2 PRODUCTION AND INDUSTRIAL ENGINEERING Electric Vehicle Technology 0301296410 3 1 0 0 0 0 0 1 2 0 0 0 0 0 0 0 0 0 0 0 0 0 0301296410S 6 0 0 13 Electronics and Telecommunication Engg 0301237210 0 0 0 0 0 0 0 0 2 0 0 0 0 0 0 0 0 0 0 0 0 0 0301237210S 6 0 0 8 Machine Design 0301261910 1 2 0 0 0 1 0 1 1 1 0 0 0 0 0 0 0 0 0 0 0 0 0301261910S 6 0 0 13 IL - Institute Level Seats, MI - Minority Seats 18 of 84 Note :- Vacancy position may vary. Candidates are advised to fill all eligible Choice Code of their choice irrespective of vacancy position.",1,0,2,1,0,0,0,0,0,0,0,0,0,0,0,0,0,0,0,0,0,0,0,0,0,0,0,,0
"Mumbai University (SPCE, Mumbai)",03014,"Sardar Patel College of Engineering, Andheri",0301421070,Seat Reserved 0301421070U Construction Management,2,0,0,0,0,0,0,0,0,0,0,0,0,0,0,0,0,0,0,0,0,0,0,0,0,0,0,,0
"Mumbai University (SPCE, Mumbai)",03014,"Sardar Patel College of Engineering, Andheri",0301421270,0301421270U Structural Engineering,0,0,0,0,0,0,1,0,0,0,0,0,0,0,0,0,0,0,0,0,0,0,0,0,0,0,0,,0
"Mumbai University (SPCE, Mumbai)",03014,"Sardar Patel College of Engineering, Andheri",0301439470,0301439470U Power Electronics and Power Systems,4,0,1,1,1,0,0,0,0,0,0,0,0,0,0,0,0,0,0,0,0,0,0,0,0,0,0,,0
"Mumbai University (SPCE, Mumbai)",03014,"Sardar Patel College of Engineering, Andheri",0301461970,0301461970U Machine Design,1,0,2,1,0,1,0,0,0,0,0,0,0,0,0,0,0,0,0,0,0,0,0,0,0,0,0,,0
"Dr. Babasaheb Ambedkar Technological University,Lonere",03033,"Dr. Babasaheb Ambedkar Technological University, Lonere",0303396810,Seat Reserved Environmental Engineering 0303320110 4 1 0 0 1 0 1 2 2 1 0 0 0 0 0 0 0 0 0 0 0 0 0303320110S 2 0 0 14 Computer Engineering 0303324510 0 1 1 0 0 0 0 0 1 1 0 0 0 0 0 0 0 0 0 0 0 0 0303324510S 4 0 0 8 Cyber Security 0303325210 1 2 1 1 0 1 0 3 1 0 0 0 0 0 0 0 0 0 0 0 0 0 0303325210S 4 0 0 14 Electronics and Telecommunication Engg 0303337210 4 1 1 0 1 0 1 2 1 1 0 0 0 0 0 0 0 0 0 0 0 0 0303337210S 4 0 0 16 Chemical Engineering 0303350710 1 1 1 1 1 0 0 2 1 1 0 0 0 0 0 0 0 0 0 0 0 0 0303350710S 4 0 0 13 Manufacturing Engineering 0303360810 4 2 1 1 0 0 0 2 1 1 0 0 0 0 0 0 0 0 0 0 0 0 0303360810S 4 0 0 16 Power Systems 0303390110 3 2 1 0 0 1 0 2 1 1 0 0 0 0 0 0 0 0 0 0 0 0 0303390110S 4 0 0 15 Thermal and Fluid Engineering 0303391410 4 2 1 0 0 1 0 2 1 1 0 0 0 0 0 0 0 0 0 0 0 0 0303391410S 4 0 0 16 Remote Sensing and GIS 0303396010 4 2 1 0 0 0 0 3 2 1 0 0 0 0 0 0 0 0 0 0 0 0 0303396010S 4 0 0 17 Electronics and Communication (VLSI Design) Electronics and Communication (Advanced,3,0,2,1,0,0,0,0,0,0,0,0,0,0,0,0,0,0,0,0,0,0,0,0,0,0,0,,0
"Dr. Babasaheb Ambedkar Technological University,Lonere",03033,"Dr. Babasaheb Ambedkar Technological University, Lonere",0303396910,Communication Technology) Artificial Intelligence and Data Science 0303394310 1 1 1 1 0 1 0 3 1 0 0 0 0 0 0 0 0 0 0 0 0 0 0303394310S 4 0 0 13 SNDT Women's University,4,0,2,1,1,0,1,0,0,0,0,0,0,0,0,0,0,0,0,0,0,0,0,0,0,0,0,,0
"Dr. Babasaheb Ambedkar Technological University,Lonere",03035,"Usha Mittal Institute of Technology SNDT Women's University, Mumbai",0303526550,Seat Reserved 0303526550F Computer Science & Technology,4,0,2,1,0,1,0,0,0,0,0,0,0,0,0,0,0,0,0,0,0,0,0,0,0,0,0,,0
"Dr. Babasaheb Ambedkar Technological University,Lonere",03035,"Usha Mittal Institute of Technology SNDT Women's University, Mumbai",0303537050,0303537050F Electronics and Communication Engineering,5,0,2,1,1,0,1,0,0,0,0,0,0,0,0,0,0,0,0,0,0,0,0,0,0,0,0,,0
Mumbai University,03176,"Thakur College of Engineering and Technology, Kandivali, Mumbai",0317647110,Seat Reserved Computer Engineering 0317624510 2 0 0 0 0 0 0 0 0 0 0 0 0 0 0 0 0 0 0 0 3 2 0317624510S 0 1 0 4 Information Technology 0317624610 1 0 0 0 0 0 0 0 0 0 0 0 0 0 0 0 0 0 0 0 3 2 0317624610S 0 1 2 5 Civil Engineering 0317619110 0 0 0 0 0 0 0 0 0 0 0 0 0 0 0 0 0 0 0 0 3 0 0317619110S 0 1 0 0 Communication Technology and Management Mechanical Engineering 0317661210 3 0 0 0 0 0 0 0 0 0 0 0 0 0 0 0 0 0 0 0 3 7 0317661210S 0 1 1 11 Artificial Intelligence and Data Science 0317694310 2 0 0 0 0 0 0 0 0 0 0 0 0 0 0 0 0 0 0 0 3 1 0317694310S 0 1 2 5 Mumbai University,4,0,0,0,0,0,0,0,0,0,0,0,0,0,0,0,0,0,0,0,0,0,0,0,0,0,0,,0
Mumbai University,03189,"Bharati Vidyapeeth College of Engineering, Navi Mumbai",0318969610,"Seat Reserved Computer Engineering 0318924510 3 0 0 0 0 0 0 0 0 0 0 0 0 0 0 0 0 0 0 0 3 0 0318924510S 3 1 0 6 Mechanical Engineering(Product Design & Dev.) IL - Institute Level Seats, MI - Minority Seats 24 of 84 Note :- Vacancy position may vary. Candidates are advised to fill all eligible Choice Code of their choice irrespective of vacancy position.",3,0,2,1,0,0,1,0,0,0,0,0,0,0,0,0,0,0,0,0,0,0,0,0,0,0,0,,0
Mumbai University,03220,Yadavrao Tasgaonkar College of Engineering & Management,0322069610,Seat Reserved Water Resource Engineering 0322019710 2 1 0 1 1 0 0 2 1 1 0 0 0 0 0 0 0 0 0 0 0 0 0322019710S 3 0 0 12 Computer Engineering 0322024510 3 1 1 0 0 0 1 2 1 1 0 0 0 0 0 0 0 0 0 0 0 0 0322024510S 1 0 0 11 Signal Processing 0322035810 3 2 1 0 0 0 0 2 1 1 0 0 0 0 0 0 0 0 0 0 0 0 0322035810S 3 0 0 13 Mechanical Engineering(Product Design & Dev.) Mumbai University,3,0,1,1,0,0,1,0,0,0,0,0,0,0,0,0,0,0,0,0,0,0,0,0,0,0,0,,0
Rashtrasant Tukadoji Maharaj Nagpur University,04145,"Wainganga College of Engineering and Management, Dongargaon, Nagpur",0414595110,"Seat Reserved Power Electronics and Systems 0414559210 1 0 0 1 1 1 0 3 2 1 0 0 0 0 0 0 0 0 0 0 0 0 0414559210S 3 0 0 13 CAD-CAM 0414560410 4 2 1 0 1 0 0 3 1 1 0 0 0 0 0 0 0 0 0 0 0 0 0414560410S 1 0 0 14 Software System 0414570010 2 1 0 0 0 0 0 1 1 0 0 0 0 0 0 0 0 0 0 0 0 0 0414570010S 1 0 0 6 Artificial Intelligence and Data Science 0414594310 1 1 2 1 0 0 0 3 2 0 0 0 0 0 0 0 0 0 1 0 0 0 0414594310S 0 0 0 10 Civil Engineering (Computer Aided Structural Engineering) Computer Science and Engineering 0414524210 0 3 1 1 0 1 1 4 3 1 0 0 0 0 0 0 0 0 1 0 0 0 0414524210S 0 0 0 15 Electronics Engineering 0414537610 1 1 1 0 0 0 0 2 1 1 0 0 0 0 0 0 0 0 0 0 0 0 0414537610S 3 0 0 10 IL - Institute Level Seats, MI - Minority Seats 36 of 84 Note :- Vacancy position may vary. Candidates are advised to fill all eligible Choice Code of their choice irrespective of vacancy position.",0,0,0,1,1,0,1,0,0,0,0,0,0,0,0,0,0,0,0,0,0,0,0,0,0,0,0,,0
Rashtrasant Tukadoji Maharaj Nagpur University,04174,"ST. Vincent Pallotti College of Engineering & Technology, Nagpur",0417491110,Seat Reserved Structural Engineering 0417421210 1 0 0 0 0 0 0 0 0 0 0 0 0 0 0 0 0 0 0 0 1 5 0417421210S 1 1 1 8 Power Electronics and Power Systems 0417439410 2 0 0 0 0 0 0 0 0 0 0 0 0 0 0 0 0 0 0 0 1 5 0417439410S 0 1 1 8 Embedded System and VLSI Design 0417458310 3 0 0 0 0 0 0 0 0 0 0 0 0 0 0 0 0 0 0 0 1 5 0417458310S 1 1 1 10 Automotive Technology 0417463010 2 0 0 0 0 0 0 0 0 0 0 0 0 0 0 0 0 0 0 0 1 5 0417463010S 1 1 1 9 Computer Science and Engineering(Artificial Intelligence and Machine Learning) Computer Science Engineering,2,0,0,0,0,0,0,0,0,0,0,0,0,0,0,0,0,0,0,0,0,0,0,0,0,0,0,,0
Rashtrasant Tukadoji Maharaj Nagpur University,04174,"ST. Vincent Pallotti College of Engineering & Technology, Nagpur",0417497310,"(Big Data Analytics) IL - Institute Level Seats, MI - Minority Seats 39 of 84 Note :- Vacancy position may vary. Candidates are advised to fill all eligible Choice Code of their choice irrespective of vacancy position.",0,0,0,0,0,0,0,0,0,0,0,0,0,0,0,0,0,0,0,0,0,0,0,0,0,0,0,,0
"Dr. Babasaheb Ambedkar Technological University,Lonere",04193,"K.D.M. Education Society, Vidharbha Institute of Technology,Umred Road ,Nagpur",0419391910,Seat Reserved Computer Science and Engineering 0419324210 7 0 0 0 0 0 0 0 0 0 0 0 0 0 0 0 0 0 0 0 0 9 0419324210S 0 0 0 16 Electronics and Communication Engineering 0419337010 8 0 0 0 0 0 0 0 0 0 0 0 0 0 0 0 0 0 0 0 0 9 0419337010S 1 0 3 21 Mechanical CAD/CAM 0419360510 5 0 0 0 0 0 0 0 0 0 0 0 0 0 0 0 0 0 0 0 0 7 0419360510S 0 0 0 12 Electrical (Power Electronics and Power System) Rashtrasant Tukadoji Maharaj Nagpur University,2,0,0,0,0,0,0,0,0,0,0,0,0,0,0,0,0,0,0,0,0,0,0,0,0,0,0,,0
"Kavayitri Bahinabai Chaudhari North Maharashtra University, Jalgaon",05004,"Government College of Engineering, Jalgaon",0500438510,Seat Reserved Electronic and Telecommunication Engg. (Digital System) Heat Power Engineering 0500459610 5 2 1 0 1 0 0 2 2 1 0 0 0 0 0 0 0 0 0 0 0 0 0500459610S 4 0 0 18 Electrical Instrumentation & Control,3,0,1,0,0,0,0,0,0,0,0,0,0,0,0,0,0,0,0,0,0,0,0,0,0,0,0,,0
"Kavayitri Bahinabai Chaudhari North Maharashtra University, Jalgaon",05004,"Government College of Engineering, Jalgaon",0500493110,"Engineering IL - Institute Level Seats, MI - Minority Seats 42 of 84 Note :- Vacancy position may vary. Candidates are advised to fill all eligible Choice Code of their choice irrespective of vacancy position.",4,0,2,1,1,0,1,0,0,0,0,0,0,0,0,0,0,0,0,0,0,0,0,0,0,0,0,,0
Savitribai Phule Pune University,05151,"MET Bhujbal Knowledge City MET League's Engineering College, Adgaon, Nashik.",0515158410,"Seat Reserved Computer Engineering 0515124510 0 0 1 0 0 0 0 0 1 0 0 0 0 0 0 0 0 0 0 0 0 0 0515124510S 0 0 0 2 Mechanical [Computer Aided Design, Manufacture & Engineering] Kavayitri Bahinabai Chaudhari North Maharashtra University, Jalgaon",3,0,2,1,1,1,0,0,0,0,0,0,0,0,0,0,0,0,0,0,0,0,0,0,0,0,0,,0
"Shivaji University(WCE, Sangli)",06007,"Walchand College of Engineering, Sangli",0600721070,Seat Reserved 0600721070U Construction Management,0,0,0,0,0,0,0,0,0,0,0,0,0,0,0,0,0,0,0,0,0,0,0,0,0,0,0,,0
"Shivaji University(WCE, Sangli)",06007,"Walchand College of Engineering, Sangli",0600737070,0600737070U Electronics and Communication Engineering,0,0,1,1,0,0,0,0,0,0,0,0,0,0,0,0,0,0,0,0,0,0,0,0,0,0,0,,0
"Shivaji University(WCE, Sangli)",06007,"Walchand College of Engineering, Sangli",0600747370,0600747370U Control and Instrumentation,1,0,0,0,0,0,0,0,0,0,0,0,0,0,0,0,0,0,0,0,0,0,0,0,0,0,0,,0
"Shivaji University(WCE, Sangli)",06007,"Walchand College of Engineering, Sangli",0600760870,0600760870U Manufacturing Engineering,3,0,1,1,0,0,0,0,0,0,0,0,0,0,0,0,0,0,0,0,0,0,0,0,0,0,0,,0
"Shivaji University(WCE, Sangli)",06007,"Walchand College of Engineering, Sangli",0600761070,0600761070U Thermal Engineering,1,0,1,1,0,0,0,0,0,0,0,0,0,0,0,0,0,0,0,0,0,0,0,0,0,0,0,,0
"Shivaji University(WCE, Sangli)",06007,"Walchand College of Engineering, Sangli",0600794070,0600794070U Data Sciences,1,0,0,0,0,0,0,0,0,0,0,0,0,0,0,0,0,0,0,0,0,0,0,0,0,0,0,,0
"Shivaji University(WCE, Sangli)",06007,"Walchand College of Engineering, Sangli",0600721170,0600721170U Civil - Structural Engineering,1,0,0,0,0,0,0,0,0,0,0,0,0,0,0,0,0,0,0,0,0,0,0,0,0,0,0,,0
"Shivaji University(WCE, Sangli)",06007,"Walchand College of Engineering, Sangli",0600724270,0600724270U Computer Science and Engineering,1,0,0,0,0,0,0,0,0,0,0,0,0,0,0,0,0,0,0,0,0,0,0,0,0,0,0,,0
"Shivaji University(WCE, Sangli)",06007,"Walchand College of Engineering, Sangli",0600729870,0600729870U Electrical - Power System Engineering,0,0,0,1,0,0,0,0,0,0,0,0,0,0,0,0,0,0,0,0,0,0,0,0,0,0,0,,0
"Shivaji University(WCE, Sangli)",06007,"Walchand College of Engineering, Sangli",0600757770,0600757770U Civil Environmental Engineering,1,0,0,0,0,0,0,0,0,0,0,0,0,0,0,0,0,0,0,0,0,0,0,0,0,0,0,,0
"Shivaji University(WCE, Sangli)",06007,"Walchand College of Engineering, Sangli",0600760170,0600760170U Design Engineering,2,0,0,0,0,0,0,0,0,0,0,0,0,0,0,0,0,0,0,0,0,0,0,0,0,0,0,,0
Savitribai Phule Pune University,06175,"Pimpri Chinchwad Education Trust, Pimpri Chinchwad College of Engineering, Pune",0617596110,Seat Reserved Construction Management 0617521010 0 0 0 1 0 0 0 2 1 0 0 0 0 0 0 0 0 0 0 0 3 0 0617521010S 3 1 0 7 Computer Engineering 0617524510 0 0 1 0 0 0 0 1 0 0 0 0 0 0 0 0 0 0 0 0 3 0 0617524510S 1 1 0 3 VLSI and Embeded Systems 0617534110 1 0 0 0 0 0 0 0 0 0 0 0 0 0 0 0 0 0 0 0 3 0 0617534110S 3 1 0 4 Mechanical Engineering Design 0617590410 1 0 0 0 0 0 0 0 1 0 0 0 0 0 0 0 0 0 0 0 3 0 0617590410S 0 1 0 2 Artificial Intelligence and Data Science 0617594310 2 0 0 0 0 0 0 0 0 1 0 0 0 0 0 0 0 0 0 0 3 0 0617594310S 1 1 0 4 Computational Mechanics (Mechanical Engineering) Savitribai Phule Pune University,0,0,1,1,0,0,0,0,0,0,0,0,0,0,0,0,0,0,0,0,0,0,0,0,0,0,0,,0
Shivaji University,06223,"Pradnya Niketan Education Society's Nagesh Karajagi Orchid College of Engineering & Technology, Solapur",0622393810,"Seat Reserved Thermal Engineering 0622361010 0 0 0 1 0 1 0 1 0 0 0 0 0 0 0 0 0 0 0 0 0 0 0622361010S 1 0 0 4 Computer Aided Structural Analysis and Design Electric Vehicle Technology 0622396410 0 0 0 0 0 0 0 1 1 0 0 0 0 0 0 0 0 0 0 0 0 0 0622396410S 0 0 0 2 IL - Institute Level Seats, MI - Minority Seats 65 of 84 Note :- Vacancy position may vary. Candidates are advised to fill all eligible Choice Code of their choice irrespective of vacancy position.",0,0,0,1,0,0,0,0,0,0,0,0,0,0,0,0,0,0,0,0,0,0,0,0,0,0,0,,0
Shivaji University,06267,"Kolhapur Institute of Technology's College of Engineering(Autonomous), Kolhapur",0626708110,Seat Reserved Bio Chemical Engineering and Bio Technology Environmental Engineering 0626720110 1 0 0 0 0 0 0 0 0 0 0 0 0 0 0 0 0 0 0 0 1 0 0626720110S 0 0 0 1 Electronics and Telecommunication Engg 0626737210 0 0 0 0 0 0 0 1 1 0 0 0 0 0 0 0 0 0 0 0 1 0 0626737210S 0 0 0 2 Mechanical Engineering Design 0626790410 1 1 0 0 0 0 0 1 0 0 0 0 0 0 0 0 0 0 0 0 1 0 0626790410S 1 0 0 4 Computer Science and Engineering (Data,0,0,0,0,0,0,0,0,0,0,0,0,0,0,0,0,0,0,0,0,0,0,0,0,0,0,0,,0
Shivaji University,06267,"Kolhapur Institute of Technology's College of Engineering(Autonomous), Kolhapur",0626794710,"Science) Civil and Structural Engineering 0626794810 0 0 0 0 0 0 0 0 0 0 0 0 0 0 0 0 0 0 0 0 1 0 0626794810S 0 0 0 0 Warana University, Warananagar, Kolhapur",0,0,0,0,0,0,0,0,0,0,0,0,0,0,0,0,0,0,0,0,0,0,0,0,0,0,0,,0
Savitribai Phule Pune University,06271,Pune Institute of Computer Technology,0627194110,Seat Reserved Electronics and Communication (Wireless Communication Technology) Computer Engineering 0627124510 0 1 0 0 0 0 0 0 0 0 0 0 0 0 0 0 0 0 0 0 1 0 0627124510S 0 1 0 1 Data Sciences 0627194010 1 0 0 0 0 0 0 0 0 0 0 0 0 0 0 0 0 0 0 0 1 0 0627194010S 0 1 0 1 Savitribai Phule Pune University,1,0,0,0,1,0,0,0,0,0,0,0,0,0,0,0,0,0,0,0,0,0,0,0,0,0,0,,0
Savitribai Phule Pune University,06276,"MKSSS's Cummins College of Engineering for Women, Karvenagar,Pune",0627639750,Seat Reserved Electronics and Telecommunication 0627639750F Engineering with specialization in Artificial,2,0,0,1,0,0,0,0,0,0,0,0,0,0,0,0,0,0,0,0,0,0,0,0,0,0,0,,0
Savitribai Phule Pune University,06276,"MKSSS's Cummins College of Engineering for Women, Karvenagar,Pune",0627690450,0627690450F Mechanical Engineering Design,4,0,2,1,0,0,0,0,0,0,0,0,0,0,0,0,0,0,0,0,0,0,0,0,0,0,0,,0
Savitribai Phule Pune University,06276,"MKSSS's Cummins College of Engineering for Women, Karvenagar,Pune",0627634150,0627634150F VLSI and Embeded Systems,1,0,1,1,0,0,1,0,0,0,0,0,0,0,0,0,0,0,0,0,0,0,0,0,0,0,0,,0
Savitribai Phule Pune University,06276,"MKSSS's Cummins College of Engineering for Women, Karvenagar,Pune",0627624550,0627624550F Computer Engineering,1,0,0,0,0,0,0,0,0,0,0,0,0,0,0,0,0,0,0,0,0,0,0,0,0,0,0,,0
Savitribai Phule Pune University,06283,"Annasaheb Dange College of Engineering and Technology, Ashta, Sangli",0628395110,Seat Reserved Computer Science and Engineering 0628324210 0 1 0 0 0 0 0 0 0 0 0 0 0 0 0 0 0 0 0 0 1 0 0628324210S 0 1 0 1 Electrical Power System 0628329210 0 0 0 0 0 0 0 0 0 0 0 0 0 0 0 0 0 0 0 0 1 0 0628329210S 0 1 0 0 Mechanical Engineering Design 0628390410 0 0 0 0 0 0 0 0 0 0 0 0 0 0 0 0 0 0 0 0 1 0 0628390410S 0 1 0 0 Civil Engineering (Computer Aided Structural Engineering) Savitribai Phule Pune University,0,0,0,0,0,0,0,0,0,0,0,0,0,0,0,0,0,0,0,0,0,0,0,0,0,0,0,,0
Savitribai Phule Pune University,06285,"Bharati Vidyapeeth's College of Engineering for Women, Katraj, Dhankawadi, Pune",0628524550,Seat Reserved 0628524550F Computer Engineering,1,0,0,1,0,0,0,0,0,0,0,0,0,0,0,0,0,0,0,0,0,0,0,0,0,0,0,,0
Savitribai Phule Pune University,06285,"Bharati Vidyapeeth's College of Engineering for Women, Katraj, Dhankawadi, Pune",0628534150,0628534150F VLSI and Embeded Systems,0,0,1,0,0,0,1,0,0,0,0,0,0,0,0,0,0,0,0,0,0,0,0,0,0,0,0,,0
Savitribai Phule Pune University,06322,"Shree Gajanan Maharaj Shikshan Prasarak Manda'l Sharadchandra Pawar College of Engineering, Dumbarwadi",0632293010,"Seat Reserved Computer Engineering 0632224510 0 2 1 1 0 0 0 0 2 0 0 0 0 0 0 0 0 0 0 0 0 0 0632224510S 1 0 0 7 Electronics and Telecommunication (VLSI & Embedded Systems) IL - Institute Level Seats, MI - Minority Seats 76 of 84 Note :- Vacancy position may vary. Candidates are advised to fill all eligible Choice Code of their choice irrespective of vacancy position.",2,0,2,1,0,1,1,0,0,0,0,0,0,0,0,0,0,0,0,0,0,0,0,0,0,0,0,,0
Savitribai Phule Pune University,06794,"Anantrao Pawar College of Engineering & Research, Pune",0679496810,"Seat Reserved Civil Environmental Engineering 0679457710 4 2 0 1 1 0 0 2 2 0 0 0 0 0 0 0 0 0 0 0 1 0 0679457710S 0 1 0 12 Computer Engineering 0679424510 3 2 1 0 0 1 1 3 1 1 0 0 0 0 0 0 0 0 0 0 1 0 0679424510S 1 1 0 14 Electronics and Communication (VLSI Design) Mechanical Engineering Design 0679490410 5 2 1 1 1 1 0 3 2 1 0 0 0 0 0 0 0 0 0 0 0 0 0679490410S 5 0 0 22 IL - Institute Level Seats, MI - Minority Seats 84 of 84 Note :- Vacancy position may vary. Candidates are advised to fill all eligible Choice Code of their choice irrespective of vacancy position.",1,0,1,1,0,0,0,0,0,0,0,0,0,0,0,0,0,0,0,0,0,0,0,0,0,0,0,,0
